,interest,vaccancy,cpi,price,value,adj_price
2008-02-02,5.68,10.1,212.174,238000.0,224141.4153943517,112172.08517537493
2008-02-09,5.67,10.1,212.687,236000.0,224141.4153943517,110961.17769304187
2008-02-16,5.72,10.1,212.687,235000.0,224141.4153943517,110491.0032112917
2008-02-23,6.04,10.1,212.687,245000.0,224141.4153943517,115192.74802879347
2008-03-01,6.24,10.1,212.687,244500.0,225551.3181219915,114957.6607879184
2008-03-08,6.03,10.1,213.448,231500.0,225551.3181219915,108457.32918556275
2008-03-15,6.13,10.1,213.448,235000.0,225551.3181219915,110097.07282335743
2008-03-22,5.87,10.1,213.448,235000.0,225551.3181219915,110097.07282335743
2008-03-29,5.85,10.1,213.448,244000.0,225551.3181219915,114313.55646340092
2008-04-05,5.88,10.0,213.942,255000.0,222863.3546813232,119191.18265698181
2008-04-12,5.88,10.0,213.942,237250.0,222863.3546813232,110894.54151125072
2008-04-19,5.88,10.0,213.942,230000.0,222863.3546813232,107505.77259257181
2008-04-26,6.03,10.0,213.942,237500.0,222863.3546813232,111011.39561189481
2008-05-03,6.06,10.0,215.208,235000.0,225146.873765738,109196.68413813613
2008-05-10,6.05,10.0,215.208,244000.0,225146.873765738,113378.68480725624
2008-05-17,6.01,10.0,215.208,238500.0,225146.873765738,110823.01773168283
2008-05-24,5.98,10.0,215.208,249000.0,225146.873765738,115702.01851232296
2008-05-31,6.08,10.0,215.208,236000.0,225146.873765738,109661.35087914947
2008-06-07,6.09,10.0,217.463,248000.0,224824.92816536452,114042.38882016712
2008-06-14,6.32,10.0,217.463,241250.0,224824.92816536452,110938.4125115537
2008-06-21,6.42,10.0,217.463,250000.0,224824.92816536452,114962.08550420072
2008-06-28,6.45,10.0,217.463,255000.0,224824.92816536452,117261.32721428473
2008-07-05,6.35,9.9,219.016,255000.0,225900.48913381464,116429.84987398182
2008-07-12,6.37,9.9,219.016,256000.0,225900.48913381464,116886.43752054645
2008-07-19,6.26,9.9,219.016,255000.0,225900.48913381464,116429.84987398182
2008-07-26,6.63,9.9,219.016,256250.0,225900.48913381464,117000.5844321876
2008-08-02,6.52,9.9,219.016,254500.0,223192.92926062227,116201.5560506995
2008-08-09,6.52,9.9,218.69,250000.0,223192.92926062227,114317.06982486625
2008-08-16,6.52,9.9,218.69,249000.0,223192.92926062227,113859.80154556678
2008-08-23,6.47,9.9,218.69,250000.0,223192.92926062227,114317.06982486625
2008-08-30,6.4,9.9,218.69,260000.0,223192.92926062227,118889.75261786091
2008-09-06,6.35,9.9,218.877,250000.0,222183.89284506475,114219.4017644613
2008-09-13,5.93,9.9,218.877,245000.0,222183.89284506475,111935.01372917207
2008-09-20,5.78,9.9,218.877,241500.0,222183.89284506475,110335.94210446964
2008-09-27,6.09,9.9,218.877,237500.0,222183.89284506475,108508.43167623825
2008-10-04,6.1,10.1,216.995,235000.0,218018.5808275112,108297.42620797714
2008-10-11,5.94,10.1,216.995,229500.0,218018.5808275112,105762.80559459895
2008-10-18,6.46,10.1,216.995,225500.0,218018.5808275112,103919.44514850572
2008-10-25,6.04,10.1,216.995,235000.0,218018.5808275112,108297.42620797714
2008-11-01,6.46,10.1,216.995,229000.0,213843.92511693167,105532.38553883729
2008-11-08,6.2,10.1,213.153,230000.0,213843.92511693167,107903.71235685165
2008-11-15,6.14,10.1,213.153,231900.0,213843.92511693167,108795.09085023435
2008-11-22,6.04,10.1,213.153,227000.0,213843.92511693167,106496.27263045793
2008-12-06,5.53,10.1,211.398,220000.0,209168.9030891328,104069.10188365076
2008-12-13,5.47,10.1,211.398,220000.0,209168.9030891328,104069.10188365076
2008-12-20,5.19,10.1,211.398,224000.0,209168.9030891328,105961.2673724444
2009-01-03,5.1,10.1,211.933,213000.0,202103.541480284,100503.46099946681
2009-01-10,5.01,10.1,211.933,218000.0,202103.541480284,102862.69717316322
2009-01-17,4.96,10.1,211.933,212750.0,202103.541480284,100385.499190782
2009-01-24,5.12,10.1,211.933,214500.0,202103.541480284,101211.23185157574
2009-01-31,5.1,10.1,211.933,211500.0,202103.541480284,99795.69014735789
2009-02-07,5.25,10.1,212.705,210500.0,198778.67517479448,98963.35300063467
2009-02-14,5.16,10.1,212.705,212250.0,198778.67517479448,99786.08871441668
2009-02-21,5.04,10.1,212.705,215000.0,198778.67517479448,101078.95912178839
2009-02-28,5.07,10.1,212.705,213750.0,198778.67517479448,100491.29075480124
2009-03-07,5.15,10.1,212.495,215000.0,195894.35832889195,101178.85126708864
2009-03-14,5.03,10.1,212.495,205000.0,195894.35832889195,96472.85818489846
2009-03-21,4.98,10.1,212.495,219000.0,195894.35832889195,103061.2484999647
2009-03-28,4.85,10.1,212.495,235000.0,195894.35832889195,110590.83743146899
2009-04-04,4.78,10.6,212.709,221000.0,195598.8574298173,103897.81344465914
2009-04-11,4.87,10.6,212.709,222450.0,195598.8574298173,104579.49593106075
2009-04-18,4.82,10.6,212.709,210500.0,195598.8574298173,98961.4919914061
2009-04-25,4.8,10.6,212.709,224000.0,195598.8574298173,105308.19100273143
2009-05-02,4.78,10.6,212.709,225000.0,195932.91048569512,105778.31685542219
2009-05-09,4.84,10.6,213.022,225000.0,195932.91048569512,105622.89341007033
2009-05-16,4.86,10.6,213.022,217750.0,195932.91048569512,102219.48906685694
2009-05-23,4.82,10.6,213.022,213500.0,195932.91048569512,100224.38996911117
2009-05-30,4.91,10.6,213.022,227500.0,195932.91048569512,106796.48111462666
2009-06-06,5.29,10.6,214.79,221500.0,196763.547038758,103123.9815633875
2009-06-13,5.59,10.6,214.79,225000.0,196763.547038758,104753.48014339588
2009-06-20,5.38,10.6,214.79,230000.0,196763.547038758,107081.33525769356
2009-06-27,5.42,10.6,214.79,225000.0,196763.547038758,104753.48014339588
2009-07-04,5.32,11.1,214.726,230000.0,197435.04925877255,107113.25130631597
2009-07-11,5.2,11.1,214.726,235000.0,197435.04925877255,109441.80024775761
2009-07-18,5.14,11.1,214.726,229000.0,197435.04925877255,106647.54151802763
2009-07-25,5.2,11.1,214.726,225000.0,197435.04925877255,104784.7023648743
2009-08-01,5.25,11.1,214.726,225000.0,196826.27005232373,104784.7023648743
2009-08-08,5.22,11.1,215.445,235000.0,196826.27005232373,109076.56246373785
2009-08-15,5.29,11.1,215.445,232500.0,196826.27005232373,107916.17350135767
2009-08-22,5.12,11.1,215.445,220000.0,196826.27005232373,102114.22868945671
2009-08-29,5.14,11.1,215.445,222000.0,196826.27005232373,103042.53985936087
2009-09-05,5.08,11.1,215.861,222000.0,193962.06116217893,102843.9597704078
2009-09-12,5.07,11.1,215.861,220000.0,193962.06116217893,101917.43761031405
2009-09-19,5.04,11.1,215.861,215095.0,193962.06116217893,99645.1420126841
2009-09-26,5.04,11.1,215.861,220000.0,193962.06116217893,101917.43761031405
2009-10-03,4.94,10.7,216.509,213000.0,192367.3242394179,98379.28215455246
2009-10-10,4.87,10.7,216.509,215000.0,192367.3242394179,99303.03128276423
2009-10-17,4.92,10.7,216.509,210000.0,192367.3242394179,96993.65846223483
2009-10-24,5.0,10.7,216.509,210000.0,192367.3242394179,96993.65846223483
2009-10-31,5.03,10.7,216.509,200000.0,192367.3242394179,92374.91282117603
2009-11-07,4.98,10.7,217.234,200000.0,190011.36765320867,92066.61940580203
2009-11-14,4.91,10.7,217.234,208000.0,190011.36765320867,95749.28418203411
2009-11-21,4.83,10.7,217.234,210000.0,190011.36765320867,96669.95037609214
2009-12-05,4.71,10.7,217.347,200000.0,188352.11540155395,92018.75342194739
2009-12-12,4.81,10.7,217.347,207000.0,188352.11540155395,95239.40979171554
2009-12-19,4.94,10.7,217.347,207000.0,188352.11540155395,95239.40979171554
2009-12-26,5.05,10.7,217.347,203000.0,188352.11540155395,93399.03472327659
2010-01-02,5.14,10.7,217.347,190500.0,185060.4043285369,87647.86263440488
2010-01-09,5.09,10.6,217.488,210000.0,185060.4043285369,96557.05142352682
2010-01-16,5.06,10.6,217.488,205000.0,185060.4043285369,94258.07400868094
2010-01-23,4.99,10.6,217.488,203000.0,185060.4043285369,93338.48304274259
2010-01-30,4.98,10.6,217.488,200000.0,185060.4043285369,91959.09659383507
2010-02-06,5.01,10.6,217.281,200000.0,183229.8771645952,92046.70449786221
2010-02-13,4.97,10.6,217.281,190000.0,183229.8771645952,87444.36927296911
2010-02-20,4.93,10.6,217.281,200000.0,183229.8771645952,92046.70449786221
2010-02-27,5.05,10.6,217.281,195000.0,183229.8771645952,89745.53688541565
2010-03-06,4.97,10.6,217.353,202500.0,180888.6393225756,93166.41592248554
2010-03-13,4.95,10.6,217.353,203000.0,180888.6393225756,93396.45645562749
2010-03-20,4.96,10.6,217.353,210000.0,180888.6393225756,96617.02391961463
2010-03-27,4.99,10.6,217.353,209000.0,180888.6393225756,96156.94285333077
2010-04-03,5.08,10.6,217.403,210000.0,184045.138537903,96594.80319958787
2010-04-10,5.21,10.6,217.403,208000.0,184045.138537903,95674.85269292512
2010-04-17,5.07,10.6,217.403,202000.0,184045.138537903,92915.0011729369
2010-04-24,5.07,10.6,217.403,214000.0,184045.138537903,98434.70421291335
2010-05-01,5.06,10.6,217.403,210000.0,184523.15639073108,96594.80319958787
2010-05-08,5.0,10.6,217.29,210000.0,184523.15639073108,96645.03658704957
2010-05-15,4.93,10.6,217.29,213250.0,184523.15639073108,98140.73358184914
2010-05-22,4.84,10.6,217.29,210000.0,184523.15639073108,96645.03658704957
2010-05-29,4.78,10.6,217.29,203000.0,184523.15639073108,93423.53536748125
2010-06-05,4.79,10.6,217.199,210450.0,186864.47453821407,96892.71129240927
2010-06-12,4.72,10.6,217.199,220000.0,186864.47453821407,101289.60078085073
2010-06-19,4.75,10.6,217.199,228000.0,186864.47453821407,104972.85899106348
2010-06-26,4.69,10.6,217.199,229750.0,186864.47453821407,105778.57172454754
2010-07-03,4.58,10.3,217.605,220000.0,185167.77341654868,101100.61809241517
2010-07-10,4.57,10.3,217.605,212000.0,185167.77341654868,97424.2319799637
2010-07-17,4.57,10.3,217.605,210000.0,185167.77341654868,96505.13545185083
2010-07-24,4.56,10.3,217.605,213000.0,185167.77341654868,97883.78024402013
2010-07-31,4.54,10.3,217.605,220000.0,185167.77341654868,101100.61809241517
2010-08-07,4.49,10.3,217.923,225000.0,185061.3019178029,103247.47731997081
2010-08-14,4.44,10.3,217.923,235000.0,185061.3019178029,107836.25408974728
2010-08-21,4.42,10.3,217.923,225000.0,185061.3019178029,103247.47731997081
2010-08-28,4.36,10.3,217.923,230000.0,185061.3019178029,105541.86570485905
2010-09-04,4.32,10.3,218.275,200000.0,183035.9743571893,91627.53407398923
2010-09-11,4.35,10.3,218.275,205000.0,183035.9743571893,93918.22242583896
2010-09-18,4.37,10.3,218.275,210000.0,183035.9743571893,96208.9107776887
2010-09-25,4.37,10.3,218.275,196000.0,183035.9743571893,89794.98339250944
2010-10-02,4.32,10.3,218.275,205000.0,180379.20863424047,93918.22242583896
2010-10-09,4.27,9.4,219.035,205000.0,180379.20863424047,93592.34825484511
2010-10-16,4.19,9.4,219.035,197500.0,180379.20863424047,90168.2379528386
2010-10-23,4.21,9.4,219.035,193000.0,180379.20863424047,88113.77177163467
2010-10-30,4.23,9.4,219.035,210000.0,180379.20863424047,95875.0884561828
2010-11-06,4.24,9.4,219.59,194023.0,176482.28337095887,88356.93792977823
2010-11-13,4.17,9.4,219.59,180000.0,176482.28337095887,81970.94585363632
2010-11-20,4.39,9.4,219.59,195000.0,176482.28337095887,88801.858008106
2010-12-04,4.46,9.4,220.472,200000.0,173348.54293806828,90714.46714322
2010-12-11,4.61,9.4,220.472,201000.0,173348.54293806828,91168.0394789361
2010-12-18,4.83,9.4,220.472,195000.0,173348.54293806828,88446.60546463949
2010-12-25,4.81,9.4,220.472,190000.0,173348.54293806828,86178.743786059
2011-01-01,4.86,9.4,220.472,185000.0,169863.80103389744,83910.8821074785
2011-01-08,4.77,9.7,221.187,195000.0,169863.80103389744,88160.69660513502
2011-01-15,4.71,9.7,221.187,199900.0,169863.80103389744,90376.0166736743
2011-01-22,4.74,9.7,221.187,185000.0,169863.80103389744,83639.63524076912
2011-01-29,4.8,9.7,221.187,195000.0,169863.80103389744,88160.69660513502
2011-02-05,4.81,9.7,221.898,181000.0,166466.49877505886,81569.00918440004
2011-02-12,5.05,9.7,221.898,180000.0,166466.49877505886,81118.35167509396
2011-02-19,5.0,9.7,221.898,191000.0,166466.49877505886,86075.58427746082
2011-02-26,4.95,9.7,221.898,191000.0,166466.49877505886,86075.58427746082
2011-03-05,4.87,9.7,223.046,200000.0,165992.83313993618,89667.6021986496
2011-03-12,4.88,9.7,223.046,185000.0,165992.83313993618,82942.53203375089
2011-03-19,4.76,9.7,223.046,181000.0,165992.83313993618,81149.1799897779
2011-03-26,4.81,9.7,223.046,170000.0,165992.83313993618,76217.46186885217
2011-04-02,4.86,9.7,223.046,185000.0,165158.73445577885,82942.53203375089
2011-04-09,4.87,9.2,224.093,195000.0,165158.73445577885,87017.44365062719
2011-04-16,4.91,9.2,224.093,187000.0,165158.73445577885,83447.49724444762
2011-04-23,4.8,9.2,224.093,192750.0,165158.73445577885,86013.3962238892
2011-04-30,4.78,9.2,224.093,195000.0,165158.73445577885,87017.44365062719
2011-05-07,4.71,9.2,224.806,190000.0,166837.9707725467,84517.31715345675
2011-05-14,4.63,9.2,224.806,195000.0,166837.9707725467,86741.45707854771
2011-05-21,4.61,9.2,224.806,190000.0,166837.9707725467,84517.31715345675
2011-05-28,4.6,9.2,224.806,198750.0,166837.9707725467,88409.56202236595
2011-06-04,4.55,9.2,224.806,190500.0,167470.63956966266,84739.73114596585
2011-06-11,4.49,9.2,224.806,200000.0,167470.63956966266,88965.59700363869
2011-06-18,4.5,9.2,224.806,210000.0,167470.63956966266,93413.87685382062
2011-06-25,4.5,9.2,224.806,205000.0,167470.63956966266,91189.73692872966
2011-07-02,4.51,9.2,224.806,204000.0,168616.54765649253,90744.90894371146
2011-07-09,4.6,9.8,225.395,211000.0,168616.54765649253,93613.43419330507
2011-07-16,4.51,9.8,225.395,205000.0,168616.54765649253,90951.440803922
2011-07-23,4.52,9.8,225.395,200000.0,168616.54765649253,88733.1129794361
2011-07-30,4.55,9.8,225.395,200000.0,168616.54765649253,88733.1129794361
2011-08-06,4.39,9.8,226.106,202750.0,167888.50679784673,89670.33161437557
2011-08-13,4.32,9.8,226.106,213000.0,167888.50679784673,94203.60361954127
2011-08-20,4.15,9.8,226.106,210000.0,167888.50679784673,92876.79230095618
2011-08-27,4.22,9.8,226.106,200000.0,167888.50679784673,88454.08790567257
2011-09-03,4.22,9.8,226.597,185000.0,166654.5092391045,81642.74019514822
2011-09-10,4.12,9.8,226.597,192000.0,166654.5092391045,84731.92495928895
2011-09-17,4.09,9.8,226.597,185000.0,166654.5092391045,81642.74019514822
2011-09-24,4.09,9.8,226.597,174500.0,166654.5092391045,77008.96304893709
2011-10-01,4.01,9.8,226.597,170000.0,163151.32793712508,75023.05855770376
2011-10-08,3.94,9.4,226.75,175750.0,163151.32793712508,77508.26901874311
2011-10-15,4.12,9.4,226.75,182250.0,163151.32793712508,80374.86218302094
2011-10-22,4.11,9.4,226.75,170500.0,163151.32793712508,75192.94377067254
2011-10-29,4.1,9.4,226.75,166000.0,163151.32793712508,73208.37927232635
2011-11-05,4.0,9.4,227.169,168375.0,162017.02306595273,74118.82783302298
2011-11-12,3.99,9.4,227.169,170000.0,162017.02306595273,74834.15430802618
2011-11-19,4.0,9.4,227.169,162500.0,162017.02306595273,71532.64750031914
2011-12-03,4.0,9.4,227.223,170000.0,158218.1388712464,74816.36982171699
2011-12-10,3.99,9.4,227.223,163950.0,158218.1388712464,72153.78724865
2011-12-17,3.94,9.4,227.223,167000.0,158218.1388712464,73496.08094251022
2011-12-24,3.91,9.4,227.223,160000.0,158218.1388712464,70415.40689102774
2011-12-31,3.95,9.4,227.223,160000.0,158218.1388712464,70415.40689102774
2012-01-07,3.91,8.8,227.842,161500.0,155516.7617028609,70882.4536301472
2012-01-14,3.89,8.8,227.842,160000.0,155516.7617028609,70224.1026676381
2012-01-21,3.88,8.8,227.842,160000.0,155516.7617028609,70224.1026676381
2012-01-28,3.98,8.8,227.842,160000.0,155516.7617028609,70224.1026676381
2012-02-04,3.87,8.8,228.329,157500.0,153385.81109320803,68979.41128809744
2012-02-11,3.87,8.8,228.329,150000.0,153385.81109320803,65694.67741723565
2012-02-18,3.87,8.8,228.329,155000.0,153385.81109320803,67884.49999781018
2012-02-25,3.95,8.8,228.329,150000.0,153385.81109320803,65694.67741723565
2012-03-03,3.9,8.8,228.807,158000.0,152391.91168360747,69053.83139501851
2012-03-10,3.88,8.8,228.807,156000.0,152391.91168360747,68179.73226343599
2012-03-17,3.92,8.8,228.807,164000.0,152391.91168360747,71676.12878976605
2012-03-24,4.08,8.8,228.807,168000.0,152391.91168360747,73424.32705293107
2012-03-31,3.99,8.8,228.807,175250.0,152391.91168360747,76592.9364049177
2012-04-07,3.98,8.6,229.187,179900.0,152814.04573050875,78494.85354753978
2012-04-14,3.88,8.6,229.187,173000.0,152814.04573050875,75484.21158268138
2012-04-21,3.9,8.6,229.187,185000.0,152814.04573050875,80720.11065200032
2012-04-28,3.88,8.6,229.187,182250.0,152814.04573050875,79520.2171152814
2012-05-05,3.84,8.6,228.713,190000.0,154765.58721311038,83073.54632224666
2012-05-12,3.83,8.6,228.713,185000.0,154765.58721311038,80887.40036639805
2012-05-19,3.79,8.6,228.713,182000.0,154765.58721311038,79575.71279288891
2012-05-26,3.78,8.6,228.713,185000.0,154765.58721311038,80887.40036639805
2012-06-02,3.75,8.6,228.713,190000.0,157138.6431815302,83073.54632224666
2012-06-09,3.67,8.6,228.524,202500.0,157138.6431815302,88612.13701843133
2012-06-16,3.71,8.6,228.524,209000.0,157138.6431815302,91456.47721902296
2012-06-23,3.66,8.6,228.524,198000.0,157138.6431815302,86642.97841802174
2012-06-30,3.66,8.6,228.524,202500.0,157138.6431815302,88612.13701843133
2012-07-07,3.62,8.6,228.59,207250.0,158891.66940608283,90664.50850868368
2012-07-14,3.56,8.6,228.59,203000.0,158891.66940608283,88805.28457062863
2012-07-21,3.53,8.6,228.59,205000.0,158891.66940608283,89680.21348265452
2012-07-28,3.49,8.6,228.59,195500.0,158891.66940608283,85524.30115053152
2012-08-04,3.55,8.6,229.918,199000.0,159340.85683377643,86552.59701284805
2012-08-11,3.59,8.6,229.918,196500.0,159340.85683377643,85465.25282926956
2012-08-18,3.62,8.6,229.918,192000.0,159340.85683377643,83508.03329882828
2012-08-25,3.66,8.6,229.918,195000.0,159340.85683377643,84812.84631912247
2012-09-01,3.59,8.6,229.918,190000.0,159469.36887350798,82638.15795196548
2012-09-08,3.55,8.6,231.015,188000.0,159469.36887350798,81379.99696989373
2012-09-15,3.55,8.6,231.015,193000.0,159469.36887350798,83544.35859143345
2012-09-22,3.49,8.6,231.015,175000.0,159469.36887350798,75752.65675389045
2012-09-29,3.4,8.6,231.015,180000.0,159469.36887350798,77917.01837543017
2012-10-06,3.36,8.7,231.638,177700.0,158344.62663456867,76714.52870427132
2012-10-13,3.39,8.7,231.638,172500.0,158344.62663456867,74469.64660375241
2012-10-20,3.37,8.7,231.638,163750.0,158344.62663456867,70692.20076153308
2012-10-27,3.41,8.7,231.638,157750.0,158344.62663456867,68101.95218401126
2012-11-03,3.39,8.7,231.249,175000.0,156959.04491129337,75676.00292325589
2012-11-10,3.4,8.7,231.249,172000.0,156959.04491129337,74378.70001600008
2012-11-17,3.34,8.7,231.249,170750.0,156959.04491129337,73838.15713797681
2012-12-01,3.32,8.7,231.249,172000.0,156400.73762412876,74378.70001600008
2012-12-08,3.34,8.7,231.221,167500.0,156400.73762412876,72441.51699023877
2012-12-15,3.32,8.7,231.221,175000.0,156400.73762412876,75685.16700472707
2012-12-22,3.37,8.7,231.221,167000.0,156400.73762412876,72225.27365593956
2012-12-29,3.35,8.7,231.221,163250.0,156400.73762412876,70603.44864869541
2013-01-05,3.34,8.6,231.679,170000.0,155814.77474214253,73377.38854190496
2013-01-12,3.4,8.6,231.679,158000.0,155814.77474214253,68197.80817424109
2013-01-19,3.38,8.6,231.679,168500.0,155814.77474214253,72729.94099594698
2013-01-26,3.42,8.6,231.679,162000.0,155814.77474214253,69924.33496346237
2013-02-02,3.53,8.6,231.679,156900.0,155741.7582092543,67723.01330720523
2013-02-09,3.53,8.6,232.937,145000.0,155741.7582092543,62248.59082069401
2013-02-16,3.53,8.6,232.937,155000.0,155741.7582092543,66541.59708419014
2013-02-23,3.56,8.6,232.937,147000.0,155741.7582092543,63107.19207339323
2013-03-02,3.51,8.6,232.937,165000.0,156795.90411233067,70834.60334768628
2013-03-09,3.52,8.6,232.282,161250.0,156795.90411233067,69419.92922396053
2013-03-16,3.63,8.6,232.282,164000.0,156795.90411233067,70603.83499367148
2013-03-23,3.54,8.6,232.282,165000.0,156795.90411233067,71034.34618265729
2013-03-30,3.57,8.6,232.282,171000.0,156795.90411233067,73617.4133165721
2013-04-06,3.54,8.2,231.797,180000.0,160138.98240607054,77654.15428154808
2013-04-13,3.43,8.2,231.797,184000.0,160138.98240607054,79379.80215447137
2013-04-20,3.41,8.2,231.797,188500.0,160138.98240607054,81321.15601151007
2013-04-27,3.4,8.2,231.797,185000.0,160138.98240607054,79811.2141227022
2013-05-04,3.35,8.2,231.893,190000.0,163050.6757635278,81934.34040699806
2013-05-11,3.42,8.2,231.893,185000.0,163050.6757635278,79778.17355418231
2013-05-18,3.51,8.2,231.893,192500.0,163050.6757635278,83012.42383340592
2013-05-25,3.59,8.2,231.893,195000.0,163050.6757635278,84090.50725981379
2013-06-01,3.81,8.2,231.893,215000.0,167295.2572396507,92715.17467107675
2013-06-08,3.91,8.2,232.445,205000.0,167295.2572396507,88192.9058486954
2013-06-15,3.98,8.2,232.445,220000.0,167295.2572396507,94646.04530103895
2013-06-22,3.93,8.2,232.445,218000.0,167295.2572396507,93785.62670739315
2013-06-29,4.46,8.2,232.445,222250.0,167295.2572396507,95614.0162188905
2013-07-13,4.51,8.3,232.9,215000.0,170300.18422396146,92314.2979819665
2013-07-20,4.37,8.3,232.9,225000.0,170300.18422396146,96607.9862601975
2013-07-27,4.31,8.3,232.9,218000.0,170300.18422396146,93602.4044654358
2013-08-03,4.39,8.3,233.456,215000.0,172605.14504867868,92094.44177917896
2013-08-10,4.4,8.3,233.456,220000.0,172605.14504867868,94236.1729833459
2013-08-17,4.4,8.3,233.456,217500.0,172605.14504867868,93165.30738126242
2013-08-24,4.58,8.3,233.456,215000.0,172605.14504867868,92094.44177917896
2013-08-31,4.51,8.3,233.456,205000.0,172605.14504867868,87810.97937084505
2013-09-07,4.57,8.3,233.544,213500.0,174411.1352969944,91417.46309046689
2013-09-14,4.57,8.3,233.544,195000.0,174411.1352969944,83496.0435720892
2013-09-21,4.5,8.3,233.544,195000.0,174411.1352969944,83496.0435720892
2013-09-28,4.32,8.3,233.544,194000.0,174411.1352969944,83067.85873325796
2013-10-05,4.22,8.2,233.669,200000.0,175770.10935336168,85591.15672168751
2013-10-12,4.23,8.2,233.669,192000.0,175770.10935336168,82167.51045282002
2013-10-19,4.28,8.2,233.669,195000.0,175770.10935336168,83451.37780364533
2013-10-26,4.13,8.2,233.669,190000.0,175770.10935336168,81311.59888560313
2013-11-02,4.1,8.2,233.669,190000.0,175924.39100668975,81311.59888560313
2013-11-09,4.16,8.2,234.1,184950.0,175924.39100668975,79004.69884664674
2013-11-16,4.35,8.2,234.1,189399.0,175924.39100668975,80905.16873131141
2013-11-23,4.22,8.2,234.1,181525.0,175924.39100668975,77541.64886800513
2013-12-07,4.46,8.2,234.719,190000.0,176013.0801566329,80947.85679898091
2013-12-14,4.42,8.2,234.719,189700.0,176013.0801566329,80820.04439350884
2013-12-21,4.47,8.2,234.719,194000.0,176013.0801566329,82652.02220527525
2013-12-28,4.48,8.2,234.719,169000.0,176013.0801566329,72000.98841593564
2014-01-04,4.53,8.3,235.288,175000.0,175066.21544899902,74376.9338002788
2014-01-11,4.51,8.3,235.288,185000.0,175066.21544899902,78627.04430315188
2014-01-18,4.41,8.3,235.288,180000.0,175066.21544899902,76501.98905171534
2014-01-25,4.39,8.3,235.288,169600.0,175066.21544899902,72081.87412872734
2014-02-01,4.32,8.3,235.288,185000.0,174469.00608846828,78627.04430315188
2014-02-08,4.23,8.3,235.547,167000.0,174469.00608846828,70898.80151307383
2014-02-15,4.28,8.3,235.547,175000.0,174469.00608846828,74295.1512861552
2014-02-22,4.33,8.3,235.547,170000.0,174469.00608846828,72172.43267797933
2014-03-01,4.37,8.3,235.547,175000.0,175768.01729278767,74295.1512861552
2014-03-08,4.28,8.3,236.028,170000.0,175768.01729278767,72025.35292422933
2014-03-15,4.37,8.3,236.028,185000.0,175768.01729278767,78380.53112342603
2014-03-22,4.32,8.3,236.028,180000.0,175768.01729278767,76262.13839036047
2014-03-29,4.4,8.3,236.028,187000.0,175768.01729278767,79227.88821665227
2014-04-05,4.41,7.5,236.468,200000.0,177787.7048530823,84578.04015765346
2014-04-12,4.34,7.5,236.468,193700.0,177787.7048530823,81913.83189268738
2014-04-19,4.27,7.5,236.468,207250.0,177787.7048530823,87643.9941133684
2014-04-26,4.33,7.5,236.468,205250.0,177787.7048530823,86798.21371179188
2014-05-03,4.29,7.5,236.918,202000.0,181237.93548211196,85261.56729332512
2014-05-10,4.21,7.5,236.918,200000.0,181237.93548211196,84417.39335972784
2014-05-17,4.2,7.5,236.918,202000.0,181237.93548211196,85261.56729332512
2014-05-24,4.14,7.5,236.918,212750.0,181237.93548211196,89799.00218641048
2014-05-31,4.12,7.5,236.918,219250.0,181237.93548211196,92542.56747060164
2014-06-07,4.14,7.5,237.231,220000.0,184309.6340203148,92736.61536645718
2014-06-14,4.2,7.5,237.231,226000.0,184309.6340203148,95265.79578554236
2014-06-21,4.17,7.5,237.231,231750.0,184309.6340203148,97689.59368716567
2014-06-28,4.14,7.5,237.231,229500.0,184309.6340203148,96741.15103000872
2014-07-05,4.12,7.4,237.498,225000.0,187095.4955627648,94737.63989591491
2014-07-12,4.15,7.4,237.498,220000.0,187095.4955627648,92632.35900933902
2014-07-19,4.13,7.4,237.498,224000.0,187095.4955627648,94316.58371859974
2014-07-26,4.13,7.4,237.498,222000.0,187095.4955627648,93474.47136396938
2014-08-02,4.12,7.4,237.498,222500.0,188414.6546946216,93684.99945262697
2014-08-09,4.14,7.4,237.46,224000.0,188414.6546946216,94331.67691400656
2014-08-16,4.12,7.4,237.46,226000.0,188414.6546946216,95173.92402931019
2014-08-23,4.1,7.4,237.46,217250.0,188414.6546946216,91489.09289985681
2014-08-30,4.1,7.4,237.46,219900.0,188414.6546946216,92605.07032763412
2014-09-06,4.1,7.4,237.477,215000.0,188686.33707932252,90535.08339755007
2014-09-13,4.12,7.4,237.477,212000.0,188686.33707932252,89271.8031640959
2014-09-20,4.23,7.4,237.477,209000.0,188686.33707932252,88008.5229306417
2014-09-27,4.2,7.4,237.477,200500.0,188686.33707932252,84429.22893585484
2014-10-04,4.19,7.0,237.43,201500.0,188281.1978352953,84867.11872973086
2014-10-11,4.12,7.0,237.43,205000.0,188281.1978352953,86341.23741734405
2014-10-18,3.97,7.0,237.43,190000.0,188281.1978352953,80023.5858990018
2014-10-25,3.92,7.0,237.43,190000.0,188281.1978352953,80023.5858990018
2014-11-01,3.98,7.0,237.43,190000.0,187715.03148333324,80023.5858990018
2014-11-08,4.02,7.0,236.983,199000.0,187715.03148333324,83972.2680529827
2014-11-15,4.01,7.0,236.983,190000.0,187715.03148333324,80174.5272867674
2014-11-22,3.99,7.0,236.983,197500.0,187715.03148333324,83339.31125861348
2014-12-06,3.89,7.0,236.252,185000.0,186419.89507898403,78306.21539711833
2014-12-13,3.93,7.0,236.252,203750.0,186419.89507898403,86242.65614682627
2014-12-20,3.8,7.0,236.252,202000.0,186419.89507898403,85501.92167685353
2015-01-03,3.87,7.1,234.747,175000.0,184521.02417952952,74548.34353580663
2015-01-10,3.73,7.1,234.747,182500.0,184521.02417952952,77743.27254448406
2015-01-17,3.66,7.1,234.747,187000.0,184521.02417952952,79660.22994969052
2015-01-24,3.63,7.1,234.747,195000.0,184521.02417952952,83068.1542256131
2015-01-31,3.66,7.1,234.747,181001.0,184521.02417952952,77104.71273328307
2015-02-07,3.59,7.1,235.342,178000.0,182845.82187625556,75634.60835719931
2015-02-14,3.69,7.1,235.342,178750.0,182845.82187625556,75953.29350477178
2015-02-21,3.76,7.1,235.342,187250.0,182845.82187625556,79565.05851059308
2015-02-28,3.8,7.1,235.342,185000.0,182845.82187625556,78609.00306787569
2015-03-07,3.75,7.1,235.976,194450.0,184021.0006608284,82402.44770654643
2015-03-14,3.86,7.1,235.976,190000.0,184021.0006608284,80516.66271146218
2015-03-21,3.78,7.1,235.976,200000.0,184021.0006608284,84754.38180153913
2015-03-28,3.69,7.1,235.976,208000.0,184021.0006608284,88144.5570736007
2015-04-04,3.7,6.8,236.222,212000.0,185787.41700111385,89746.08630864187
2015-04-11,3.66,6.8,236.222,199000.0,185787.41700111385,84242.78856330062
2015-04-18,3.67,6.8,236.222,220000.0,185787.41700111385,93132.73107500571
2015-04-25,3.65,6.8,236.222,210000.0,185787.41700111385,88899.42511705091
2015-05-02,3.68,6.8,236.222,218000.0,189544.084192416,92286.06988341475
2015-05-09,3.8,6.8,237.001,220000.0,189544.084192416,92826.61254593862
2015-05-16,3.85,6.8,237.001,220000.0,189544.084192416,92826.61254593862
2015-05-23,3.84,6.8,237.001,227500.0,189544.084192416,95991.15615545926
2015-05-30,3.87,6.8,237.001,225000.0,189544.084192416,94936.30828561904
2015-06-06,3.87,6.8,237.657,222000.0,192634.95569844692,93411.93400573095
2015-06-13,4.04,6.8,237.657,228750.0,192634.95569844692,96252.16172887817
2015-06-20,4.0,6.8,237.657,229000.0,192634.95569844692,96357.35534825399
2015-06-27,4.02,6.8,237.657,230000.0,192634.95569844692,96778.12982575729
2015-07-04,4.08,7.3,238.034,233081.0,195195.3281284101,97919.20481947956
2015-07-11,4.04,7.3,238.034,220000.0,195195.3281284101,92423.77139400254
2015-07-18,4.09,7.3,238.034,234500.0,195195.3281284101,98515.3381449709
2015-07-25,4.04,7.3,238.034,220000.0,195195.3281284101,92423.77139400254
2015-08-01,3.98,7.3,238.034,227000.0,196719.8192095697,95364.52775653898
2015-08-08,3.91,7.3,238.033,219750.0,196719.8192095697,92319.13222116261
2015-08-15,3.94,7.3,238.033,230000.0,196719.8192095697,96625.25784240001
2015-08-22,3.93,7.3,238.033,220000.0,196719.8192095697,92424.15967533913
2015-08-29,3.84,7.3,238.033,215500.0,196719.8192095697,90533.66550016175
2015-09-05,3.89,7.3,237.498,210000.0,197574.43661022247,88421.79723618725
2015-09-12,3.9,7.3,237.498,215000.0,197574.43661022247,90527.07812276315
2015-09-19,3.91,7.3,237.498,210500.0,197574.43661022247,88632.32532484485
2015-09-26,3.86,7.3,237.498,215000.0,197574.43661022247,90527.07812276315
2015-10-03,3.85,7.0,237.733,207000.0,198027.2617440133,87072.47205899055
2015-10-10,3.76,7.0,237.733,202500.0,198027.2617440133,85179.5922316212
2015-10-17,3.82,7.0,237.733,209000.0,198027.2617440133,87913.75198226582
2015-10-24,3.79,7.0,237.733,194000.0,198027.2617440133,81604.15255770128
2015-10-31,3.76,7.0,237.733,209750.0,198027.2617440133,88229.23195349405
2015-11-07,3.87,7.0,238.017,205000.0,197657.0467516577,86128.30175995833
2015-11-14,3.98,7.0,238.017,195000.0,197657.0467516577,81926.92118630181
2015-11-21,3.97,7.0,238.017,198000.0,197657.0467516577,83187.33535839878
2015-12-05,3.93,7.0,237.761,198000.0,196796.9128131953,83276.90411800085
2015-12-12,3.95,7.0,237.761,200000.0,196796.9128131953,84118.08496767763
2015-12-19,3.97,7.0,237.761,196000.0,196796.9128131953,82435.72326832407
2015-12-26,3.96,7.0,237.761,204000.0,196796.9128131953,85800.44666703118
2016-01-02,4.01,7.0,237.761,189000.0,195769.0921218675,79491.59029445535
2016-01-09,3.97,7.0,237.652,190000.0,195769.0921218675,79948.8327470419
2016-01-16,3.92,7.0,237.652,196000.0,195769.0921218675,82473.53272852744
2016-01-23,3.81,7.0,237.652,193000.0,195769.0921218675,81211.18273778466
2016-01-30,3.79,7.0,237.652,184000.0,195769.0921218675,77424.13276555637
2016-02-06,3.72,7.0,237.336,185000.0,194906.3162909085,77948.56237570364
2016-02-13,3.65,7.0,237.336,182245.0,194906.3162909085,76787.76081167627
2016-02-20,3.65,7.0,237.336,190000.0,194906.3162909085,80055.28027774968
2016-02-27,3.62,7.0,237.336,185000.0,194906.3162909085,77948.56237570364
2016-03-05,3.64,7.0,238.08,198950.0,194908.7334984241,83564.34811827957
2016-03-12,3.68,7.0,238.08,197250.0,194908.7334984241,82850.30241935483
2016-03-19,3.73,7.0,238.08,210000.0,194908.7334984241,88205.64516129032
2016-03-26,3.71,7.0,238.08,199500.0,194908.7334984241,83795.3629032258
2016-04-02,3.71,7.0,238.08,210750.0,197868.7593173325,88520.66532258064
2016-04-09,3.59,6.7,238.992,214000.0,197868.7593173325,89542.74620070966
2016-04-16,3.58,6.7,238.992,230000.0,197868.7593173325,96237.53096337953
2016-04-23,3.59,6.7,238.992,223000.0,197868.7593173325,93308.56262971145
2016-04-30,3.66,6.7,238.992,221000.0,197868.7593173325,92471.71453437772
2016-05-07,3.61,6.7,239.557,221250.0,201539.09179596655,92357.97743334572
2016-05-14,3.57,6.7,239.557,225000.0,201539.09179596655,93923.36688136854
2016-05-21,3.58,6.7,239.557,228500.0,201539.09179596655,95384.39703285649
2016-05-28,3.64,6.7,239.557,225500.0,201539.09179596655,94132.08547443824
2016-06-04,3.66,6.7,240.222,234500.0,204469.62664034896,97618.0366494326
2016-06-11,3.6,6.7,240.222,234250.0,204469.62664034896,97513.96624788737
2016-06-18,3.54,6.7,240.222,230000.0,204469.62664034896,95744.76942161833
2016-06-25,3.56,6.7,240.222,235000.0,204469.62664034896,97826.17745252307
2016-07-02,3.48,6.7,240.222,232000.0,206716.59971147947,96577.33263398023
2016-07-09,3.41,6.8,240.101,232500.0,206716.59971147947,96834.24892024607
2016-07-16,3.42,6.8,240.101,229000.0,206716.59971147947,95376.5290440273
2016-07-23,3.45,6.8,240.101,225000.0,206716.59971147947,93710.56347120587
2016-07-30,3.48,6.8,240.101,227000.0,206716.59971147947,94543.54625761659
2016-08-06,3.43,6.8,240.545,226000.0,208101.7131583684,93953.31434866658
2016-08-13,3.45,6.8,240.545,230000.0,208101.7131583684,95616.204868112
2016-08-20,3.43,6.8,240.545,226000.0,208101.7131583684,93953.31434866658
2016-08-27,3.43,6.8,240.545,218000.0,208101.7131583684,90627.53330977572
2016-09-03,3.46,6.8,241.176,212500.0,208324.02891240432,88109.92801937176
2016-09-10,3.44,6.8,241.176,210500.0,208324.02891240432,87280.65810860119
2016-09-17,3.5,6.8,241.176,214000.0,208324.02891240432,88731.88045244967
2016-09-24,3.48,6.8,241.176,207000.0,208324.02891240432,85829.4357647527
2016-10-01,3.42,6.8,241.176,200000.0,208519.51576939656,82926.99107705576
2016-10-08,3.42,6.9,241.741,210000.0,208519.51576939656,86869.83176209248
2016-10-15,3.47,6.9,241.741,210000.0,208519.51576939656,86869.83176209248
2016-10-22,3.52,6.9,241.741,206000.0,208519.51576939656,85215.16829995738
2016-10-29,3.47,6.9,241.741,205000.0,208519.51576939656,84801.50243442362
2016-11-05,3.54,6.9,242.026,202750.0,208075.47135075537,83771.99143893631
2016-11-12,3.57,6.9,242.026,210000.0,208075.47135075537,86767.53737201788
2016-11-19,3.94,6.9,242.026,210000.0,208075.47135075537,86767.53737201788
2016-12-03,4.08,6.9,242.637,206000.0,207438.9903080208,84900.48920815869
2016-12-10,4.13,6.9,242.637,209700.0,207438.9903080208,86425.40090752853
2016-12-17,4.16,6.9,242.637,205000.0,207438.9903080208,84488.35091103171
2016-12-24,4.3,6.9,242.637,203000.0,207438.9903080208,83664.07431677774
2016-12-31,4.32,6.9,242.637,200000.0,207438.9903080208,82427.65942539679
2017-01-07,4.2,7.0,243.618,205000.0,206121.2093140733,84148.13355334992
2017-01-14,4.12,7.0,243.618,207000.0,206121.2093140733,84969.09095387041
2017-01-21,4.09,7.0,243.618,210000.0,206121.2093140733,86200.52705465115
2017-01-28,4.19,7.0,243.618,195000.0,206121.2093140733,80043.34655074748
2017-02-04,4.19,7.0,244.006,200000.0,205751.38077953248,81965.19757710876
2017-02-11,4.17,7.0,244.006,200000.0,205751.38077953248,81965.19757710876
2017-02-18,4.15,7.0,244.006,190000.0,205751.38077953248,77866.93769825331
2017-02-25,4.16,7.0,244.006,203250.0,205751.38077953248,83297.13203773678
2017-03-04,4.1,7.0,243.892,215000.0,207360.46991443037,88153.7729814836
2017-03-11,4.21,7.0,243.892,215000.0,207360.46991443037,88153.7729814836
2017-03-18,4.3,7.0,243.892,217000.0,207360.46991443037,88973.80807898578
2017-03-25,4.23,7.0,243.892,227000.0,207360.46991443037,93073.98356649664
2017-04-01,4.14,7.0,243.892,220000.0,209982.46398047064,90203.86072523904
2017-04-08,4.1,7.3,244.193,221000.0,209982.46398047064,90502.18474731053
2017-04-15,4.08,7.3,244.193,230000.0,209982.46398047064,94187.79408091141
2017-04-22,3.97,7.3,244.193,225000.0,209982.46398047064,92140.23334002202
2017-04-29,4.03,7.3,244.193,236100.0,209982.46398047064,96685.81818479644
2017-05-06,4.02,7.3,244.004,230600.0,213447.17399125884,94506.64743200931
2017-05-13,4.05,7.3,244.004,230000.0,213447.17399125884,94260.74982377338
2017-05-20,4.02,7.3,244.004,235000.0,213447.17399125884,96309.8965590728
2017-05-27,3.95,7.3,244.004,235000.0,213447.17399125884,96309.8965590728
2017-06-03,3.94,7.3,244.163,240124.0,216209.0865063515,98345.7772062106
2017-06-10,3.89,7.3,244.163,240000.0,216209.0865063515,98294.99146062261
2017-06-17,3.91,7.3,244.163,244000.0,216209.0865063515,99933.24131829965
2017-06-24,3.9,7.3,244.163,240000.0,216209.0865063515,98294.99146062261
2017-07-01,3.88,7.3,244.163,240000.0,218458.40274285912,98294.99146062261
2017-07-08,3.96,7.5,244.243,230000.0,218458.40274285912,94168.51250598789
2017-07-15,4.03,7.5,244.243,241000.0,218458.40274285912,98672.22397366558
2017-07-22,3.96,7.5,244.243,240000.0,218458.40274285912,98262.79565842214
2017-07-29,3.92,7.5,244.243,235000.0,218458.40274285912,96215.65408220502
2017-08-05,3.93,7.5,245.183,240000.0,219780.20299492477,97886.06877312048
2017-08-12,3.9,7.5,245.183,235000.0,219780.20299492477,95846.77567368047
2017-08-19,3.89,7.5,245.183,228500.0,219780.20299492477,93195.69464440848
2017-08-26,3.86,7.5,245.183,222000.0,219780.20299492477,90544.61361513645
2017-09-02,3.82,7.5,245.183,219700.0,220641.96479389223,89606.53878939405
2017-09-09,3.78,7.5,246.435,220000.0,220641.96479389223,89273.03345709822
2017-09-16,3.78,7.5,246.435,219000.0,220641.96479389223,88867.24694138413
2017-09-23,3.83,7.5,246.435,225000.0,220641.96479389223,91301.96603566864
2017-09-30,3.83,7.5,246.435,220500.0,220641.96479389223,89475.92671495526
2017-10-07,3.85,6.9,246.626,217500.0,220631.42200773788,88190.21514357772
2017-10-14,3.91,6.9,246.626,217000.0,220631.42200773788,87987.47901681087
2017-10-21,3.88,6.9,246.626,219000.0,220631.42200773788,88798.42352387826
2017-10-28,3.94,6.9,246.626,210000.0,220631.42200773788,85149.17324207503
2017-11-04,3.94,6.9,247.284,215000.0,220254.8525918076,86944.56576244319
2017-11-11,3.9,6.9,247.284,219500.0,220254.8525918076,88764.33574351757
2017-11-18,3.95,6.9,247.284,215000.0,220254.8525918076,86944.56576244319
2017-12-02,3.9,6.9,247.284,217000.0,219764.72807866757,87753.35242069847
2017-12-09,3.94,6.9,247.805,223000.0,219764.72807866757,89990.11319384193
2017-12-16,3.93,6.9,247.805,210000.0,219764.72807866757,84744.05278343859
2017-12-23,3.94,6.9,247.805,220000.0,219764.72807866757,88779.48386836424
2017-12-30,3.99,6.9,247.805,210000.0,219764.72807866757,84744.05278343859
2018-01-06,3.95,7.0,248.859,216250.0,218796.8744060479,86896.5960644381
2018-01-13,3.99,7.0,248.859,215000.0,218796.8744060479,86394.30360163788
2018-01-20,4.04,7.0,248.859,215750.0,218796.8744060479,86695.67907931801
2018-01-27,4.15,7.0,248.859,217000.0,218796.8744060479,87197.97154211823
2018-02-03,4.22,7.0,249.529,215000.0,217746.37088668632,86162.32982939859
2018-02-10,4.32,7.0,249.529,215000.0,217746.37088668632,86162.32982939859
2018-02-17,4.38,7.0,249.529,210000.0,217746.37088668632,84158.554717087
2018-02-24,4.4,7.0,249.529,213000.0,217746.37088668632,85360.81978447395
2018-03-03,4.43,7.0,249.577,228750.0,219796.1009292293,91655.08039603008
2018-03-10,4.46,7.0,249.577,224500.0,219796.1009292293,89952.19912091258
2018-03-17,4.44,7.0,249.577,225000.0,219796.1009292293,90152.53809445581
2018-03-24,4.45,7.0,249.577,230000.0,219796.1009292293,92155.92782988817
2018-03-31,4.44,7.0,249.577,242000.0,219796.1009292293,96964.06319492581
2018-04-07,4.4,6.8,250.227,235000.0,222249.93537265752,93914.72542931019
2018-04-14,4.42,6.8,250.227,240000.0,222249.93537265752,95912.91107674231
2018-04-21,4.47,6.8,250.227,233500.0,222249.93537265752,93315.26973508055
2018-04-28,4.58,6.8,250.227,237000.0,222249.93537265752,94713.99968828303
2018-05-05,4.55,6.8,250.792,247500.0,225203.56591823287,98687.35844843536
2018-05-12,4.55,6.8,250.792,236000.0,225203.56591823287,94101.88522759896
2018-05-19,4.61,6.8,250.792,239700.0,225203.56591823287,95577.21139430284
2018-05-26,4.66,6.8,250.792,245000.0,225203.56591823287,97690.51644390571
2018-06-02,4.56,6.8,250.792,243250.0,227477.83241566308,96992.72704073496
2018-06-09,4.54,6.8,251.018,248000.0,227477.83241566308,98797.69578277256
2018-06-16,4.62,6.8,251.018,250000.0,227477.83241566308,99594.45139392394
2018-06-23,4.57,6.8,251.018,249000.0,227477.83241566308,99196.07358834824
2018-06-30,4.55,6.8,251.018,245000.0,227477.83241566308,97602.56236604546
2018-07-07,4.52,7.1,251.214,248000.0,229440.0775402068,98720.61270470594
2018-07-14,4.53,7.1,251.214,250000.0,229440.0775402068,99516.74667813099
2018-07-21,4.52,7.1,251.214,239900.0,229440.0775402068,95496.2701123345
2018-07-28,4.54,7.1,251.214,240000.0,229440.0775402068,95536.07681100577
2018-08-04,4.6,7.1,251.663,235000.0,229784.4653154147,93378.84393017646
2018-08-11,4.59,7.1,251.663,233000.0,229784.4653154147,92584.13036481326
2018-08-18,4.53,7.1,251.663,235000.0,229784.4653154147,93378.84393017646
2018-08-25,4.51,7.1,251.663,231000.0,229784.4653154147,91789.41679945006
2018-09-01,4.52,7.1,251.663,226500.0,229468.4482032664,90001.31127738285
2018-09-08,4.54,7.1,252.182,232750.0,229468.4482032664,92294.45400544052
2018-09-15,4.6,7.1,252.182,225000.0,229468.4482032664,89221.27669698869
2018-09-22,4.65,7.1,252.182,230300.0,229468.4482032664,91322.9334369622
2018-09-29,4.72,7.1,252.182,220000.0,229468.4482032664,87238.58165927783
2018-10-06,4.71,6.6,252.772,224000.0,228513.71865322365,88617.4101561882
2018-10-13,4.9,6.6,252.772,223000.0,228513.71865322365,88221.79671799092
2018-10-20,4.85,6.6,252.772,225000.0,228513.71865322365,89013.02359438546
2018-10-27,4.86,6.6,252.772,214875.0,228513.71865322365,85007.43753263811
2018-11-03,4.83,6.6,252.594,223000.0,227107.4135251483,88283.96557321235
2018-11-10,4.94,6.6,252.594,217500.0,227107.4135251483,86106.55835055464
2018-11-17,4.94,6.6,252.594,225000.0,227107.4135251483,89075.75001781515
2018-12-01,4.81,6.6,252.594,217000.0,226045.73641940087,85908.61223940394
2018-12-08,4.75,6.6,252.767,222500.0,226045.73641940087,88025.7312070009
2018-12-15,4.63,6.6,252.767,224000.0,226045.73641940087,88619.16310277845
2018-12-22,4.62,6.6,252.767,216500.0,226045.73641940087,85652.00362389078
2018-12-29,4.55,6.6,252.767,215000.0,226045.73641940087,85058.57172811325
2019-01-05,4.51,7.0,252.718,210000.0,225199.02406769813,83096.57404696144
2019-01-12,4.45,7.0,252.718,223000.0,225199.02406769813,88240.64767844
2019-01-19,4.45,7.0,252.718,225000.0,225199.02406769813,89032.04362174441
2019-01-26,4.45,7.0,252.718,214000.0,225199.02406769813,84679.36593357023
2019-02-02,4.46,7.0,252.718,211000.0,224576.17805704905,83492.27201861364
2019-02-09,4.41,7.0,253.322,210000.0,224576.17805704905,82898.44545677044
2019-02-16,4.37,7.0,253.322,212000.0,224576.17805704905,83687.95446112062
2019-02-23,4.35,7.0,253.322,230000.0,224576.17805704905,90793.53550027238
2019-03-02,4.35,7.0,253.322,225000.0,225599.98454472813,88819.7629893969
2019-03-09,4.41,7.0,254.202,233500.0,225599.98454472813,91856.08295764786
2019-03-16,4.31,7.0,254.202,228000.0,225599.98454472813,89692.4493119645
2019-03-23,4.28,7.0,254.202,233000.0,225599.98454472813,91659.38898985846
2019-03-30,4.06,7.0,254.202,235000.0,225599.98454472813,92446.16486101603
2019-04-06,4.08,6.8,255.211,234000.0,228066.04188978064,91688.83786357171
2019-04-13,4.12,6.8,255.211,245000.0,228066.04188978064,95998.99690844046
2019-04-20,4.17,6.8,255.211,240000.0,228066.04188978064,94039.8337062274
2019-04-27,4.2,6.8,255.211,235000.0,228066.04188978064,92080.67050401433
2019-05-04,4.14,6.8,255.29,235000.0,230904.9649527983,92052.17595675508
2019-05-11,4.1,6.8,255.29,243000.0,230904.9649527983,95185.86705315525
2019-05-18,4.07,6.8,255.29,246250.0,230904.9649527983,96458.9290610678
2019-05-25,4.06,6.8,255.29,245750.0,230904.9649527983,96263.0733675428
2019-06-01,3.99,6.8,255.29,245000.0,233763.8828497585,95969.28982725528
2019-06-08,3.82,6.8,255.159,245000.0,233763.8828497585,96018.56097570535
2019-06-15,3.82,6.8,255.159,250000.0,233763.8828497585,97978.1234445973
2019-06-22,3.84,6.8,255.159,252500.0,233763.8828497585,98957.90467904328
2019-06-29,3.73,6.8,255.159,247000.0,233763.8828497585,96802.38596326212
2019-07-13,3.75,6.8,255.685,245000.0,235364.9785534102,95821.02978274049
2019-07-20,3.81,6.8,255.685,248750.0,235364.9785534102,97287.67819778243
2019-07-27,3.75,6.8,255.685,250000.0,235364.9785534102,97776.5610027964
2019-08-03,3.75,6.8,256.059,245000.0,235659.49504758645,95681.07350259119
2019-08-10,3.6,6.8,256.059,244000.0,235659.49504758645,95290.53850870306
2019-08-17,3.6,6.8,256.059,248000.0,235659.49504758645,96852.67848425556
2019-08-24,3.55,6.8,256.059,235000.0,235659.49504758645,91775.72356370991
2019-08-31,3.58,6.8,256.059,235000.0,235659.49504758645,91775.72356370991
2019-09-07,3.49,6.8,256.511,235000.0,234749.30387372308,91614.00485749148
2019-09-14,3.56,6.8,256.511,236000.0,234749.30387372308,92003.8516866723
2019-09-21,3.73,6.8,256.511,230000.0,234749.30387372308,89664.77071158741
2019-09-28,3.64,6.8,256.511,226750.0,234749.30387372308,88397.76851674975
2019-10-05,3.65,6.4,257.244,232000.0,233997.22222537792,90186.74876770691
2019-10-12,3.57,6.4,257.244,225000.0,233997.22222537792,87465.596865233
2019-10-19,3.69,6.4,257.244,230000.0,233997.22222537792,89409.27679557151
2019-10-26,3.75,6.4,257.244,232000.0,233997.22222537792,90186.74876770691
2019-11-02,3.78,6.4,257.244,230000.0,233141.5176968102,89409.27679557151
2019-11-09,3.69,6.4,257.803,224500.0,233141.5176968102,87081.99671842453
2019-11-16,3.75,6.4,257.803,240000.0,233141.5176968102,93094.33947626676
2019-11-23,3.66,6.4,257.803,229000.0,233141.5176968102,88827.51558360453
2019-12-07,3.68,6.4,258.616,228000.0,231767.13159056043,88161.59866365578
2019-12-14,3.73,6.4,258.616,226350.0,231767.13159056043,87523.58709437933
2019-12-21,3.73,6.4,258.616,229900.0,231767.13159056043,88896.27865251957
2019-12-28,3.74,6.4,258.616,220000.0,231767.13159056043,85068.20923686083
2020-01-04,3.72,6.6,259.037,226000.0,231860.44687936176,87246.2235124712
2020-01-11,3.64,6.6,259.037,221500.0,231860.44687936176,85509.01994695739
2020-01-18,3.65,6.6,259.037,220000.0,231860.44687936176,84929.95209178612
2020-01-25,3.6,6.6,259.037,224900.0,231860.44687936176,86821.57375201228
2020-02-01,3.51,6.6,259.037,210000.0,231480.887832538,81069.49972397766
2020-02-08,3.45,6.6,259.248,232500.0,231480.887832538,89682.46620996113
2020-02-15,3.47,6.6,259.248,220000.0,231480.887832538,84860.82824168364
2020-02-22,3.49,6.6,259.248,220550.0,231480.887832538,85072.98031228785
2020-02-29,3.45,6.6,259.248,229000.0,231480.887832538,88332.40757884343
2020-03-07,3.29,6.6,258.124,239000.0,232777.44540220412,92591.15773814135
2020-03-14,3.36,6.6,258.124,240000.0,232777.44540220412,92978.56843997457
2020-03-21,3.65,6.6,258.124,250000.0,232777.44540220412,96852.67545830685
2020-03-28,3.5,6.6,258.124,240000.0,232777.44540220412,92978.56843997457
2020-04-04,3.33,5.7,256.092,259750.0,235201.3538628771,101428.39292129391
2020-04-11,3.33,5.7,256.092,253250.0,235201.3538628771,98890.24256907674
2020-04-18,3.31,5.7,256.092,263000.0,235201.3538628771,102697.4680974025
2020-04-25,3.33,5.7,256.092,253500.0,235201.3538628771,98987.86373646972
2020-05-02,3.23,5.7,256.092,255000.0,236980.84671717783,99573.59074082752
2020-05-09,3.26,5.7,255.868,245000.0,236980.84671717783,95752.49738146232
2020-05-16,3.28,5.7,255.868,249900.0,236980.84671717783,97667.54732909157
2020-05-23,3.24,5.7,255.868,244000.0,236980.84671717783,95361.67086153798
2020-05-30,3.15,5.7,255.868,245000.0,236980.84671717783,95752.49738146232
2020-06-06,3.18,5.7,256.986,252915.0,238942.0717511251,98415.86701221079
2020-06-13,3.21,5.7,256.986,248000.0,238942.0717511251,96503.31146443775
2020-06-20,3.13,5.7,256.986,250000.0,238942.0717511251,97281.56397624774
2020-06-27,3.13,5.7,256.986,254900.0,238942.0717511251,99188.28263018219
2020-07-04,3.07,6.4,258.278,251500.0,241335.63936568887,97375.69595552079
2020-07-11,3.03,6.4,258.278,252000.0,241335.63936568887,97569.28580831506
2020-07-18,2.98,6.4,258.278,260000.0,241335.63936568887,100666.72345302347
2020-07-25,3.01,6.4,258.278,255000.0,241335.63936568887,98730.82492508071
2020-08-01,2.99,6.4,258.278,264000.0,243320.19351605303,102215.44227537769
2020-08-08,2.88,6.4,259.411,265000.0,243320.19351605303,102154.4961470408
2020-08-15,2.96,6.4,259.411,272500.0,243320.19351605303,105045.66113233441
2020-08-22,2.99,6.4,259.411,265000.0,243320.19351605303,102154.4961470408
2020-08-29,2.91,6.4,259.411,265000.0,243320.19351605303,102154.4961470408
2020-09-05,2.93,6.4,260.029,256750.0,246132.3739951176,98738.98680531787
2020-09-12,2.86,6.4,260.029,260000.0,246132.3739951176,99988.84739779025
2020-09-19,2.87,6.4,260.029,265000.0,246132.3739951176,101911.70984774776
2020-09-26,2.9,6.4,260.029,260000.0,246132.3739951176,99988.84739779025
2020-10-03,2.88,6.5,260.286,260000.0,248142.16243638968,99890.12086704624
2020-10-10,2.87,6.5,260.286,259000.0,248142.16243638968,99505.9280944807
2020-10-17,2.81,6.5,260.286,265000.0,248142.16243638968,101811.08472987406
2020-10-24,2.8,6.5,260.286,270000.0,248142.16243638968,103732.04859270187
2020-10-31,2.81,6.5,260.286,265000.0,248142.16243638968,101811.08472987406
2020-11-07,2.78,6.5,260.813,255000.0,249534.23818864973,97771.20005521197
2020-11-14,2.84,6.5,260.813,258000.0,249534.23818864973,98921.44946762624
2020-11-21,2.72,6.5,260.813,262000.0,249534.23818864973,100455.11535084524
2020-12-05,2.71,6.5,262.035,257000.0,250486.7306834884,98078.50096361173
2020-12-12,2.71,6.5,262.035,255000.0,250486.7306834884,97315.24414677428
2020-12-19,2.67,6.5,262.035,258500.0,250486.7306834884,98650.9435762398
2020-12-26,2.66,6.5,262.035,250000.0,250486.7306834884,95407.10210468067
2021-01-02,2.67,6.5,262.035,250000.0,251193.63311165824,95407.10210468067
2021-01-09,2.65,6.8,262.65,250000.0,251193.63311165824,95183.70454978109
2021-01-16,2.79,6.8,262.65,256000.0,251193.63311165824,97468.11345897583
2021-01-23,2.77,6.8,262.65,250000.0,251193.63311165824,95183.70454978109
2021-01-30,2.73,6.8,262.65,249000.0,251193.63311165824,94802.96973158196
2021-02-06,2.73,6.8,263.638,250000.0,253025.2529220845,94826.99762553199
2021-02-13,2.73,6.8,263.638,250000.0,253025.2529220845,94826.99762553199
2021-02-20,2.81,6.8,263.638,245000.0,253025.2529220845,92930.45767302134
2021-02-27,2.97,6.8,263.638,247500.0,253025.2529220845,93878.72764927667
2021-03-06,3.02,6.8,264.914,247250.0,256477.2061204424,93332.17572495225
2021-03-13,3.05,6.8,264.914,252500.0,256477.2061204424,95313.95094257005
2021-03-20,3.09,6.8,264.914,273000.0,256477.2061204424,103052.31131612524
2021-03-27,3.17,6.8,264.914,265000.0,256477.2061204424,100032.46336546955
2021-04-03,3.18,6.2,266.67,270000.0,260834.5687898827,101248.7343908201
2021-04-10,3.13,6.2,266.67,275000.0,260834.5687898827,103123.71095361307
2021-04-17,3.04,6.2,266.67,275000.0,260834.5687898827,103123.71095361307
2021-04-24,2.97,6.2,266.67,275000.0,260834.5687898827,103123.71095361307
2021-05-01,2.98,6.2,266.67,285000.0,266817.8663698821,106873.664079199
2021-05-08,2.96,6.2,268.444,286000.0,266817.8663698821,106539.91148991967
2021-05-15,2.94,6.2,268.444,299000.0,266817.8663698821,111382.63473946149
2021-05-22,3.0,6.2,268.444,287000.0,266817.8663698821,106912.42866296136
2021-05-29,2.95,6.2,268.444,285000.0,266817.8663698821,106167.394316878
2021-06-05,2.99,6.2,270.559,292000.0,272539.5545584507,107924.70403867547
2021-06-12,2.96,6.2,270.559,295000.0,272539.5545584507,109033.51949112762
2021-06-19,2.93,6.2,270.559,295000.0,272539.5545584507,109033.51949112762
2021-06-26,3.02,6.2,270.559,285000.0,272539.5545584507,105337.4679829538
2021-07-03,2.98,5.8,271.764,292000.0,277060.11346842465,107446.16652683947
2021-07-10,2.9,5.8,271.764,280000.0,277060.11346842465,103030.57064217483
2021-07-17,2.88,5.8,271.764,287000.0,277060.11346842465,105606.3349082292
2021-07-24,2.78,5.8,271.764,295000.0,277060.11346842465,108550.06549800561
2021-07-31,2.8,5.8,271.764,290000.0,277060.11346842465,106710.23387939535
2021-08-07,2.77,5.8,272.87,290000.0,278505.2258513802,106277.71466265988
2021-08-14,2.87,5.8,272.87,295000.0,278505.2258513802,108110.08905339538
2021-08-21,2.86,5.8,272.87,286700.0,278505.2258513802,105068.34756477442
2021-08-28,2.87,5.8,272.87,285000.0,278505.2258513802,104445.34027192435
2021-09-04,2.87,5.8,274.028,280000.0,278050.4430534796,102179.33933758593
2021-09-11,2.88,5.8,274.028,280000.0,278050.4430534796,102179.33933758593
2021-09-18,2.86,5.8,274.028,280000.0,278050.4430534796,102179.33933758593
2021-09-25,2.88,5.8,274.028,279000.0,278050.4430534796,101814.41312566599
2021-10-02,3.01,5.8,274.028,275000.0,278136.7456971226,100354.70827798618
2021-10-09,2.99,5.6,276.522,276500.0,278136.7456971226,99992.04403266286
2021-10-16,3.05,5.6,276.522,270000.0,278136.7456971226,97641.41731941763
2021-10-23,3.09,5.6,276.522,276000.0,278136.7456971226,99811.22659318247
2021-10-30,3.14,5.6,276.522,275000.0,278136.7456971226,99449.59171422165
2021-11-06,3.09,5.6,278.711,275000.0,278313.6233765341,98668.51326284214
2021-11-20,3.1,5.6,278.711,277500.0,278313.6233765341,99565.4997470498
2021-12-04,3.11,5.6,280.887,275000.0,278341.1006612472,97904.13938701329
2021-12-11,3.1,5.6,280.887,275000.0,278341.1006612472,97904.13938701329
2021-12-18,3.12,5.6,280.887,271000.0,278341.1006612472,96480.07917774763
2021-12-25,3.05,5.6,280.887,270000.0,278341.1006612472,96124.06412543122
2022-01-01,3.11,5.6,280.887,265000.0,279243.9027246393,94343.98886384917
2022-01-08,3.22,5.8,282.599,266000.0,279243.9027246393,94126.30617942738
2022-01-15,3.45,5.8,282.599,270000.0,279243.9027246393,95541.73935505789
2022-01-22,3.56,5.8,282.599,265000.0,279243.9027246393,93772.44788551977
2022-01-29,3.55,5.8,282.599,265000.0,279243.9027246393,93772.44788551977
2022-02-05,3.55,5.8,284.61,280000.0,281706.4493797084,98380.23962615509
2022-02-12,3.69,5.8,284.61,270000.0,281706.4493797084,94866.65963950669
2022-02-19,3.92,5.8,284.61,270000.0,281706.4493797084,94866.65963950669
2022-02-26,3.89,5.8,284.61,265000.0,281706.4493797084,93109.86964618249
2022-03-05,3.76,5.8,287.472,275000.0,286601.82933867816,95661.49051038014
2022-03-12,3.85,5.8,287.472,270500.0,286601.82933867816,94096.12066566484
2022-03-19,4.16,5.8,287.472,283250.0,286601.82933867816,98531.33522569155
2022-03-26,4.42,5.8,287.472,280000.0,286601.82933867816,97400.79033784161
2022-04-02,4.67,5.8,287.472,297000.0,292122.4265815842,103314.40975121057
2022-04-09,4.72,5.6,288.611,293500.0,292122.4265815842,101693.97562809456
2022-04-16,5.0,5.6,288.611,300000.0,292122.4265815842,103946.14203893823
2022-04-23,5.11,5.6,288.611,300000.0,292122.4265815842,103946.14203893823
2022-04-30,5.1,5.6,288.611,299000.0,292122.4265815842,103599.65489880844
2022-05-07,5.27,5.6,291.268,310000.0,295974.7324845711,106431.19051869758
2022-05-14,5.3,5.6,291.268,310000.0,295974.7324845711,106431.19051869758
2022-05-21,5.25,5.6,291.268,303500.0,295974.7324845711,104199.5687820152
2022-05-28,5.1,5.6,291.268,305000.0,295974.7324845711,104714.55841355727
2022-06-04,5.09,5.6,294.728,305000.0,300066.7019555601,103485.24741456528
2022-06-11,5.23,5.6,294.728,315000.0,300066.7019555601,106878.20634619039
2022-06-18,5.78,5.6,294.728,313350.0,300066.7019555601,106318.36812247225
2022-06-25,5.81,5.6,294.728,320000.0,300066.7019555601,108574.68581200292
2022-07-02,5.7,5.6,294.728,315000.0,300433.51969190023,106878.20634619039
2022-07-09,5.3,6.0,294.628,310000.0,300433.51969190023,105217.42672115348
2022-07-16,5.51,6.0,294.628,310000.0,300433.51969190023,105217.42672115348
2022-07-23,5.54,6.0,294.628,310000.0,300433.51969190023,105217.42672115348
2022-07-30,5.3,6.0,294.628,310000.0,300433.51969190023,105217.42672115348
2022-08-06,4.99,6.0,295.32,315000.0,297776.62657539453,106663.9577407558
2022-08-13,5.22,6.0,295.32,299000.0,297776.62657539453,101246.10591900312
2022-08-20,5.13,6.0,295.32,300000.0,297776.62657539453,101584.72165786265
2022-08-27,5.55,6.0,295.32,288200.0,297776.62657539453,97589.05593932007
2022-09-03,5.66,6.0,296.539,295000.0,295270.9050384689,99481.01261554129
2022-09-10,5.89,6.0,296.539,285000.0,295270.9050384689,96108.77489976023
2022-09-17,6.02,6.0,296.539,280000.0,295270.9050384689,94422.6560418697
2022-09-24,6.29,6.0,296.539,290000.0,295270.9050384689,97794.89375765076
2022-10-01,6.7,6.0,296.539,280000.0,293752.8353667584,94422.6560418697
2022-10-08,6.66,5.8,297.987,291250.0,293752.8353667584,97739.16311785413
2022-10-15,6.92,5.8,297.987,278500.0,293752.8353667584,93460.45297278068
2022-10-22,6.94,5.8,297.987,275000.0,293752.8353667584,92285.90508981935
2022-10-29,7.08,5.8,297.987,267000.0,293752.8353667584,89601.22421447915
2022-11-05,6.95,5.8,298.598,285000.0,291327.5341882794,95446.0512126672
2022-11-12,7.08,5.8,298.598,282000.0,291327.5341882794,94441.35593674438
2022-11-19,6.61,5.8,298.598,275000.0,291327.5341882794,92097.06695959116
2022-12-03,6.49,5.8,298.99,275000.0,287684.17059440824,91976.32027827017
2022-12-10,6.33,5.8,298.99,275000.0,287684.17059440824,91976.32027827017
2022-12-17,6.31,5.8,298.99,275000.0,287684.17059440824,91976.32027827017
2022-12-24,6.27,5.8,298.99,265000.0,287684.17059440824,88631.7268136058
2022-12-31,6.42,5.8,298.99,275000.0,287684.17059440824,91976.32027827017
2023-01-07,6.48,5.8,300.536,260000.0,289469.47839227977,86512.09838422018
